t,semantic_variance,democrat_count,republican_count,independent_count
0,0.449040949344635,18,18,0
1,0.3860529065132141,21,15,0
2,0.3566577434539795,8,28,0
