t,semantic_variance,democrat_count,republican_count,independent_count
0,0.449040949344635,18,18,0
1,0.362599641084671,7,29,0
2,0.35874849557876587,12,24,0
