{
  "matrix_id": "20260305_235416",
  "output_dir": "/Users/matteop/Documents/GitHub/ECE227-Final-Project/outputs/matrix_er-rgglr_seeds-3_steps-10_20260305_235416",
  "graphs": [
    "er",
    "rgglr"
  ],
  "seeds": [
    11,
    23,
    42
  ],
  "steps": 10,
  "topic": "Government Environmental Regulations",
  "final_step_summary": {
    "er|degroot|off": {
      "mean": 0.0023083359783118876,
      "std": 0.003216087055302852,
      "n": 3
    },
    "er|semantic|off": {
      "mean": 0.29857773582140607,
      "std": 0.01883142312164704,
      "n": 3
    },
    "er|semantic|on": {
      "mean": 0.25334949791431427,
      "std": 0.03630707878577007,
      "n": 3
    },
    "rgglr|degroot|off": {
      "mean": 0.002714192798923218,
      "std": 0.002869859195185435,
      "n": 3
    },
    "rgglr|semantic|off": {
      "mean": 0.2409761150677999,
      "std": 0.045802625777409935,
      "n": 3
    },
    "rgglr|semantic|on": {
      "mean": 0.2826282282670339,
      "std": 0.017096456333841666,
      "n": 3
    }
  },
  "rows": 198
}